Sample ID,Gene Name,0894E,10763,24713,30862,36F37,668C5,74B28,94BFD,99EC2,A4A2E,117DD,1A5CC,1ED9C,24713-LV3,7EB7D,838CA,A3CD2,B2539,B367E,BDC56,E2C05,E5076,105A1,135D6,19A26,23EE4,24713-LV2,24BE8,39D8F,70146,7B6D3,98D38,BE497-LV1,C35CE,02B37,29B5D,5F02C,7CE52,978FA,B367E,B54F0-LV1,C472B,CEDF2,CF462,E4F33,14C39-LV,246D8-LV2,27D6D-LV2,31331-LV1,31331-LV3,32B32-LV2,59B77-LV2,6634F-LV2,78BBB-LV1,0A105-LV1,0A105-LV2,0A105-LV3,78BBB-LV2,78BBB-LV3,AF1FF-LV2,AFAA5-LV2,B23E3-LV2,B23E3-LV3,B25DF-LV2,B54F0,B8BE2-LV2,D6A67-LV2,DC737-LV2,EF5CB-LV2,43149-LV2,5F09B-LV2,1952B,80993-LV2,8E214-LV2,93EF1-LV2,98578-LV2,A7A62-LV2,C535E-LV2,D03B3-LV2,E1FF3-LV2,E344C-LV2,105A1-LV2,207EB-LV2,2E9CE-LV2,4E8C1-LV2,4EBAA-LV2,541DB-LV2,589A0-LV2,B1069-LV2,E9D4C-LV2,F2517-LV2,F3CE1-LV2,F8EE8-LV2
Positive,POS_A,24835,29069,26197,22148,29337,26559,28313,31373,27099,28385,12539,17592,19554,18689,15679,16863,14869,16640,14054,22606,15453,17071,17603,17399,16187,18428,18019,14806,15296,19333,15774,21831,16332,16359,24553,21514,19068,21229,20432,15944,21152,21930,20366,21391,23562,14372,12564,12520,15580,17508,14519,12649,13738,14850,14755,12976,19986,17759,16878,18665,20118,17565,17903,15812,17164,22502,20662,18026,19314,8657,3937,9943,2909,8874,5111,9306,8515,4816,12691,10117,6565,8943,10759,1141,3139,11135,3799,8250,4338,3132,6821,14658,5897
Positive,POS_B,6880,7486,7192,6003,7883,7168,7561,8075,7192,7509,3558,4966,5596,5205,4325,4764,4131,4649,4166,5737,4324,4883,5020,5080,4508,5242,5264,4189,4314,5445,4344,5891,4620,4970,6251,5398,4955,5569,5432,4353,5149,5522,5560,5673,6118,4017,3476,3642,4404,4907,4054,3656,4081,4402,4128,3527,5528,4726,4688,5163,5375,4786,4768,4341,4757,5877,5294,4701,5266,2471,1012,2794,768,2496,1354,2617,2335,1303,3303,2859,1708,2357,2736,207,861,2835,1002,1679,1110,793,1649,3703,1416
Positive,POS_C,1865,2079,1910,1699,2181,2060,2082,2285,2004,2187,1107,1393,1657,1480,1344,1466,1247,1392,1248,1574,1290,1379,1521,1466,1374,1584,1504,1314,1315,1596,1341,1798,1368,1413,1818,1699,1510,1680,1724,1339,1622,1653,1639,1591,1793,1332,1107,1124,1340,1426,1263,1121,1256,1272,1314,1096,1615,1527,1385,1518,1526,1399,1378,1350,1392,1703,1571,1431,1542,728,407,832,461,791,442,770,736,413,1003,836,535,700,881,70,294,915,377,505,402,281,547,1235,487
Positive,POS_D,509,566,495,432,530,513,523,601,487,566,235,358,451,391,337,348,324,338,326,405,321,354,408,389,337,365,373,330,359,394,333,472,377,370,457,438,381,421,438,332,401,387,372,421,473,323,279,266,346,418,322,293,291,311,301,290,438,388,370,371,431,346,372,315,352,434,398,395,393,170,92,209,90,215,129,205,198,85,279,216,150,162,193,14,62,216,87,148,96,74,124,292,120
Positive,POS_E,97,106,81,80,100,103,99,120,106,94,60,62,85,70,46,69,60,55,55,67,56,67,64,62,60,71,74,56,55,63,58,59,63,73,80,88,77,87,85,69,73,78,88,78,91,57,42,65,53,63,67,49,51,58,48,46,90,74,83,67,90,65,58,60,78,79,70,52,87,43,19,49,23,46,32,41,46,30,33,46,46,36,43,7,18,44,16,36,27,37,39,38,36
Positive,POS_F,67,59,62,47,64,64,66,82,70,68,39,30,41,46,39,36,36,44,50,45,32,44,49,43,35,53,41,41,36,47,44,36,39,42,47,65,52,51,49,41,40,46,62,53,40,39,33,22,30,43,28,36,45,38,36,28,48,38,41,40,52,38,63,25,42,41,50,50,60,34,13,34,4,33,27,45,29,19,22,23,24,35,31,7,18,32,27,17,19,15,24,57,19
Negative,NEG_A,11,10,17,15,12,16,10,13,9,14,5,10,9,11,7,12,4,6,19,11,9,14,12,12,8,6,12,8,8,21,8,6,5,15,12,10,11,12,13,11,11,9,17,13,16,16,13,7,5,11,10,7,15,9,7,15,11,9,14,13,8,17,9,8,9,9,7,9,10,15,12,3,4,12,10,20,9,20,11,3,10,17,11,4,8,15,9,18,13,8,6,5,19
Negative,NEG_B,16,21,7,10,18,12,13,24,16,12,7,8,13,7,4,5,6,6,15,9,7,14,8,6,5,16,9,14,8,7,7,15,6,10,4,10,8,5,8,6,9,5,20,5,22,6,1,7,11,8,10,9,8,6,6,13,8,7,11,6,7,11,11,6,6,16,8,7,14,10,10,3,2,9,14,18,7,10,7,12,16,12,4,1,11,7,15,7,9,8,15,4,28
Negative,NEG_C,2,2,1,1,3,5,1,1,3,1,2,3,2,3,1,2,1,1,4,1,1,2,2,1,4,1,3,2,3,2,2,1,1,1,1,1,2,2,1,2,1,2,2,6,2,1,4,1,4,1,2,2,1,1,1,1,1,2,1,1,1,1,1,3,2,3,1,1,1,1,2,1,1,1,3,2,1,1,1,1,2,1,1,1,2,3,3,2,2,1,4,1,3
Negative,NEG_D,1,1,4,2,1,3,3,2,2,1,4,1,3,2,3,3,5,1,3,1,1,2,3,2,2,1,3,1,2,2,1,3,5,1,2,2,1,1,2,3,4,2,6,4,7,2,1,4,2,2,2,3,2,1,1,2,3,4,2,3,1,2,4,1,3,3,1,3,2,2,6,1,4,2,5,1,1,7,4,3,6,2,2,3,9,2,11,4,12,6,5,1,3
Negative,NEG_E,17,19,29,14,13,14,20,9,18,16,11,11,20,13,12,13,19,8,18,11,8,11,10,5,14,11,28,16,18,9,12,4,15,11,11,20,15,10,16,16,17,17,24,21,19,10,11,12,14,9,10,9,12,17,13,11,17,12,18,9,11,21,10,15,11,14,14,16,17,16,18,20,13,18,25,22,20,24,8,17,20,19,16,5,24,8,20,23,23,17,17,15,31
Negative,NEG_F,17,17,15,14,23,11,11,17,24,19,15,4,11,8,9,5,8,13,5,13,9,10,12,8,11,10,9,15,4,9,6,15,8,10,15,8,7,16,7,8,8,2,16,16,13,4,4,5,7,11,5,6,8,5,9,5,17,10,12,11,4,6,5,5,4,11,7,8,12,13,7,13,6,18,11,10,7,16,8,11,11,14,5,1,7,6,9,11,15,15,9,5,13
Negative,NEG_G,1,1,1,1,1,2,3,2,1,3,8,1,2,6,5,6,6,1,14,2,3,2,4,1,1,4,7,4,2,2,4,3,2,8,1,5,5,6,2,11,1,5,10,5,3,7,3,4,2,1,4,5,9,6,3,6,3,6,1,2,3,5,5,7,4,4,10,4,7,17,19,10,5,7,24,10,9,23,2,5,20,14,7,6,15,3,23,18,21,11,8,4,15
Negative,NEG_H,1,1,6,4,2,2,8,2,1,2,1,1,1,6,4,2,1,5,6,1,4,2,2,2,2,2,9,5,3,1,1,1,4,4,1,5,7,4,4,7,1,4,7,3,2,6,5,4,2,3,8,2,10,4,2,6,2,1,5,3,2,8,9,4,6,4,6,4,4,6,13,13,4,8,19,10,8,22,4,7,24,16,8,5,14,6,18,10,14,12,10,6,10
Endogenous,ACE,101.61,112.69,77.39,200.75,68.72,166.93,96.51,190.57,291.02,188.87,148.94,159.65,166.43,77.13,116.04,138.04,165.16,90.33,168.29,144.29,107.54,65.81,196.39,207.92,219.34,80.21,42.85,174.17,198.14,124.41,157.71,161.25,35.89,157.59,339.09,130.16,108.65,181.6,168.56,169.56,217.09,232.3,156.87,87.85,74.46,118,136.25,49.7,90.31,48.66,195.04,55.9,116.99,61.4,59.72,153.02,48.39,65.25,54.86,189.52,70.07,33.97,63.59,102.02,104.29,91.81,79.65,208.81,212.14,175.16,52.37,96.9,76.84,119.84,95.92,145.57,32.17,77.55,165.28,133.04,110.37,140.86,118.78,80.15,65.89,76.88,127.91,49.21,47.04,58.47,56.09,101.69,105.75
Endogenous,ACE2,749.34,1727.98,814.44,850.79,1351.54,1105.19,988.39,435.59,2169.98,697.38,1051.52,1375.47,2781.68,1738.53,1104.54,1775.32,1308.61,1367.27,1080.57,2469,1053.88,1003.01,2319.3,569.29,900.2,1620.3,817.99,1372.26,1377.27,704.03,1806.85,1306.13,1049.9,1145.54,1205.64,1727.78,3930.5,2248.88,989.89,1054.88,639.84,1096.95,894.54,1549.15,805.87,816.38,1174.86,988.83,1935.76,1740.48,1654.37,2656.55,890.95,405.8,936.74,2571.09,1443.29,494.96,323.25,718.58,1383.8,1818.05,1800.5,1198.77,627.76,1305.48,1194.8,1188.43,1270.72,1026.17,1306.04,980.77,2485.83,1464.29,1042.61,1499.2,829.72,2153.88,1667.52,2144.52,1808.95,2375.29,1234.17,1851.52,1459.72,924.48,1609.9,759.19,1208.38,1029.73,847.65,1187.79,1434.25
Endogenous,AGER,133.36,75.13,114.24,109.93,122.17,51.81,119.8,95.28,113.88,96.86,89.36,155.56,71.33,68.79,51.57,118.87,76.23,119.07,123.14,96.19,25.81,63.18,93.52,113.86,141.66,68.18,50.64,79.17,87.7,96.13,166.72,193.5,35.89,94.96,339.09,102.08,86.92,116.14,82.75,100.07,68.55,87.11,88.36,49.28,52.95,55.39,87.41,73.25,66.75,56.14,84.9,71.56,101.24,40.05,37.72,64.43,42.7,68.44,65.24,89.49,87.58,69.72,54.51,66.32,65.43,80.61,44.25,93.3,82.73,50.36,144.18,72.02,119.1,61.99,48.58,42.02,49.92,71.3,146.92,71.48,80.13,88.38,80.32,88.17,57.74,50.63,81.81,182.18,97.95,33.78,50.3,58.98,63.58
Endogenous,AGTR2,152.41,112.69,99.5,90.81,244.35,253.27,193.02,95.28,56.94,92.01,80.43,216.96,57.74,139.67,47.28,237.73,110.11,86.22,233.97,160.32,90.33,142.16,112.22,84.16,223.91,128.34,46.74,100.28,126.68,96.13,279.36,225.75,58.33,149.51,1167.96,74.01,146.68,194.27,162.43,202.92,74.27,77.43,79.43,100.71,77.77,91.51,95.12,143.88,168.84,86.09,167.5,301.88,197.99,101.45,47.15,64.43,45.55,63.66,124.56,121.08,68.12,84.02,103.56,130.08,124.73,147.79,73.75,222.14,118.8,226.25,101.51,72.02,61.47,147.39,46.71,141.07,72.1,98.19,121.21,105.24,122.05,81.94,101.81,48.09,47.07,69.38,65.08,98.41,71.77,82.51,18.5,75.25,198.1
Endogenous,ATP2A2,8388.83,19402.16,4031.65,10916.91,12507.5,7632.74,6745.65,5022.86,8097.9,10567.2,8319.81,6926.47,10165.53,7733.74,11582.61,8086.74,9355.08,6277.95,7707.68,10837.94,7622.34,9000.76,5728.12,10351.26,14755.02,9934.35,4345.07,9389.43,7929.02,17688.35,6132.48,8256.02,17709.25,8622.88,17104.98,9963.45,10544.71,8993.4,10459.69,8083.25,12939.62,13992.62,10925.13,9072.08,14005.96,10114.47,13442.82,11015.81,7841.19,7455.99,10316.31,11493.84,12563.35,5107.18,12312.75,5822.71,13752.49,10355.99,5216.52,11031.38,8756.27,17504.79,12966.89,10482.88,9600.41,8226.97,10626.3,12166.46,10343.94,10206.94,16057.19,12763.09,18173.06,10896.09,15382.61,8235.85,13867.94,11209.04,9270.52,9564.94,14250.85,8770.17,11420.85,27195.67,14055.02,11858.89,14089.56,8035.34,19137.18,20356.9,24570.4,11806.67,14104.93
Endogenous,BACE1,952.55,582.25,788.64,903.37,923.94,1007.34,968.42,857.56,879.38,1147.77,959.18,1109.38,988.36,812.98,1044.37,1234.67,1317.08,907.41,1159.59,1058.14,1213.04,945.09,1084.84,1034.63,1334.3,1038.75,823.83,899.89,1016.71,1294.96,1081.41,919.13,762.75,1056.65,1243.31,737.56,912.68,1074.82,1161.51,979.83,816.94,1006.62,1148.71,968.49,941.56,852.51,1028.33,954.83,848.12,756.08,968.3,1288.03,1169.94,1356.22,958.74,970.45,831.24,1300.27,1367.15,997.59,866.09,1015.39,1044.69,941.16,838.37,873.3,846.68,997.4,986.45,1121.05,1197.42,1029.22,895.21,1124.05,1041.99,1136.78,846.36,1418.41,1160.65,1064.32,1161.04,1125.04,1085.98,328.62,1075.65,785.72,1347.31,684.79,1300.99,1147.33,849.39,1047.45,1140.44
Endogenous,CASQ2,22181.82,31028.43,11770.65,30518.61,37415.59,31002.95,28866.19,11896.97,31461.59,29168.75,25537.33,30481.39,27059.38,20937.38,35895.35,33834.7,37992.02,38772.2,29513.12,39103.18,29779.59,30519.38,33751.46,34132.93,30675.28,37728.05,13685.69,24046.23,27701.23,24375.21,30265.88,34056.08,20603.21,31568.06,33041.99,39024.38,37495.91,31898.16,29197.03,25471.43,22091.61,40300.18,30244.66,25135.7,18712.12,25866.55,42662.77,31899.02,29904.1,30340.5,40420.84,36959.18,37478.56,12392.86,24603.49,38040.87,30283.38,15873.78,10308.48,29090.63,32781.04,30152.51,32129.24,39893.61,22135.12,29685.6,31312.49,28726.8,39742.27,34676.61,43509.91,30431.34,31647.25,39652.95,53155.29,38698.58,38273.83,46931.88,34892.99,36579.88,59017.18,47100.76,42238.82,45951.3,59112.55,45209.68,50731.73,26141.65,65728.59,33890.27,46723.89,36821.35,38554.81
Endogenous,CCL2,552.48,225.39,11630.62,1376.56,1130.1,230.25,688.87,2531.85,284.69,1317.27,169.79,957.92,560.41,1573.85,498.55,498.47,961.34,238.14,1727.07,849.72,649.53,924.03,528.39,747.51,2385.3,244.65,8281.14,430.15,1461.72,4702,698.41,306.38,170.5,1175.85,602.82,341.98,600.3,1146.61,456.63,1521.86,474.17,777.55,1038.5,1885.55,1749.09,1160.76,1334.26,306.07,545.78,801,550.69,603.76,560.22,1967.59,1640.86,440.93,355.84,1847.75,2717.99,973.9,435.96,336.08,575.94,351.98,682.97,1426.4,165.21,626.43,1209.2,1452.4,2074.15,595.79,795.31,1684.69,406.08,1646.27,5707.13,1559.12,1546.31,1540.87,909.52,554.23,1641.41,1162.21,1164.77,1505.8,4764.62,928.48,1341.24,2243.98,5615.56,536.94,1792.31
Endogenous,CCR2,285.77,431.99,379.58,267.67,213.8,224.49,216.31,612.54,208.77,217.93,113.19,294.74,101.89,129.24,107.45,210.89,118.58,164.24,242.18,480.97,210.78,168.48,144.96,108.91,360.99,116.31,111.01,197.92,126.68,197.92,225.29,419.25,71.79,214.16,1205.64,165.89,133.1,190.05,208.4,258.51,97.12,112.92,123.11,132.85,114.18,132.45,164.53,143.88,133.5,67.37,153.74,145.35,170.99,293.67,238.9,80.54,156.57,205.31,419.63,181.62,64.23,146.59,150.8,153.03,114.51,147.79,79.65,242.13,199.41,142.32,150.65,132.25,161.37,125.35,61.04,185.34,63.23,151.97,301.18,111.2,146.46,120.61,109.73,56.11,82.21,56.26,130.17,237.83,99.41,201.4,81.53,142.37,125.15
Endogenous,COL12A1,2819.56,694.95,1507.26,2198.68,3176.51,2060.72,1590.74,1088.97,1961.21,2329.43,3324.35,2120.52,2914.14,1092.31,1757.81,3516.14,2498.64,2459.45,2660.9,1122.27,2232.5,1582.17,2828.99,3034.59,3299.2,4034.7,1075.07,2053.11,2514.16,1642.73,2482.73,1435.13,489.06,2456.75,2599.65,1801.79,2420.23,2692.32,3723.56,2187.59,908.34,3148.91,3233.66,1442.02,2558.27,1741.13,3177.53,2979.58,742.11,1107.92,1528.17,2292.06,2054.14,1142.64,1555.99,2154.32,1337.96,1096.55,1282.63,1979.38,1438.29,727.58,1333.57,1678.28,1196.22,2147.43,1817.27,2858.91,1752.27,2601.18,1927.38,2400.2,1048.89,2545.64,1700.94,1971.92,2241.81,3130.13,4029.22,1707.67,2854.84,2239.96,1997.74,1723.27,2647.08,2205.26,2984.33,770.91,2276.13,1860.02,945.95,3242,3114.13
Endogenous,COL14A1,4242.04,431.99,401.69,1682.47,2412.92,3367.38,1404.37,326.69,5023.23,1617.53,8987.07,1776.65,1854.45,1446.69,2501.33,6150.37,1516.12,2459.45,3889.25,817.66,2206.69,1184.66,3726.78,3678.14,3267.22,5899.65,327.19,2894.94,2894.21,1252.55,2789.13,2467.13,1296.67,2727.48,1394.02,3703.12,1064.79,4987.65,6864.84,2910.31,1405.36,3281.19,5631.35,1011.34,1649.8,3029.52,3627.43,2296.81,883.46,598.87,1675.02,1934.27,1617.67,360.41,396.07,2154.32,811.31,351.73,354.39,2474.23,1808.09,454.07,850.29,1372.21,2014.14,2940.12,2566.6,4518.27,2263.53,2881.45,1920.27,4313.29,1548.36,3414.84,2107.03,2432.64,1610.64,4314.01,6728.84,1961.83,3149.34,2227.07,2132.36,1683.2,6661.64,2945.97,2529.2,951.33,3676.05,749.07,1009.55,6001.98,6194.79
Endogenous,COL15A1,3314.89,1033.03,2270.11,4784.51,3512.48,3643.68,2881.96,1905.69,2998.75,4513.58,3854.58,2910.59,1684.63,2382.66,2445.46,3926.42,5018.45,1453.5,4140.66,1138.3,4125.18,1966.53,4395.45,4985.04,5638.8,3966.52,1969.01,2274.79,3176.81,1979.2,3059.48,2047.88,861.46,4036.67,3880.64,2631.23,2178.48,3530.63,3790.99,3733.08,1759.56,5465.42,4048.77,2026.97,2995.13,3552.11,3833.09,3991.96,1248.62,1044.29,4430.78,4563.99,3500.82,1236.08,2929.66,3269.74,2724.31,1634.49,1487.26,3371.8,2160.36,1667.89,1711.48,2675.56,2390.39,3067.76,3262.82,4376.1,4015.81,4352.82,3795.28,2929.21,4656.61,3000.21,1973.74,4028.63,3052.68,2774.9,4987.86,3125.43,4380.96,3243.47,3852.95,3125.94,3511.87,2893.46,6189.21,1612.11,3268.73,2964.46,2288.55,3669.12,4525.62
Endogenous,COL18A1,1689.2,1333.55,1916.32,975.07,1649.34,1749.89,1490.9,2028.2,1872.64,1123.55,2362.2,1453.25,1239.7,1611.37,1615.98,1798.33,1511.89,1309.79,1590.59,1442.92,1780.84,1050.4,2436.2,1821.74,1887.22,1672.44,1622.34,1369.62,1932.72,2112.08,2117.76,1531.88,964.65,1826.4,1280.99,1641.01,1610.77,2250.99,1697.82,1524.64,1519.62,1642.21,1755.33,1542.72,2151.2,1009.04,1817.57,975.75,1264.33,1497.19,1509.82,2198.14,1590.67,1967.59,2049.51,2299.28,2078.1,1962.34,2262.76,1358.19,2265.46,1557.05,1833.21,1405.37,1950.75,2187.74,1097.44,1730.45,2036.54,2016.57,1287.94,1263.61,1678.99,2158.56,1491.05,1506.7,1465.33,1609.78,2762.06,1274.8,2106.64,2876.13,1596.16,753.43,3031.16,1464.55,2320.84,1768.51,2039.99,2455.77,2368.92,1559.99,2161.75
Endogenous,COL1A1,1155.77,262.95,995.01,430.18,496.33,633.18,815.34,1048.13,2910.18,493.98,4080.97,1543.31,635.13,502.38,322.34,1004.61,762.3,714.43,465.89,208.42,412.95,297.48,1482.3,1108.89,2015.16,565.5,1238.67,572.65,1445.48,1605.98,1216.58,645,300.61,1121.3,791.2,1120.38,1586.32,1419.01,904.08,525.36,765.52,732.38,923.33,771.36,12160.89,2169.79,1036.04,478.72,412.28,1156.58,594.29,2580.52,209.24,1868.81,1807.46,1038.91,822.7,2482.76,2775.82,679.1,1134.68,239.55,534.16,466.76,503.02,2478.84,448.42,8372.36,1538.01,956.83,790.74,1119.57,730,1307.26,512.59,846.4,746.53,732.34,2214.79,405.08,1377.01,1505.27,1108.6,841.6,2814.64,945.11,561.34,1540.64,660.44,1129.78,1602.22,1029.14,6562.89
Endogenous,COL1A2,3867.37,826.42,1510.95,2069.63,2252.57,2440.63,2236.35,1510.94,4314.66,2188.99,8483.65,4273.78,2367.31,1953.24,1336.62,3926.42,2278.42,1482.24,1948.73,368.75,2735.78,1487.4,4072.81,4093.97,5296.09,3188.46,1653.5,2604.66,3381.45,3144.09,3410.94,2144.63,1346.03,3432.58,1054.93,3386.66,4261.89,4238.02,4137.29,2126.44,1656.73,3139.23,3178.06,2481.22,8828.19,3477.45,2974.44,2105.85,761.74,1643.16,1647.49,4474.55,1309.43,2955.39,3492.33,2913.37,2607.59,3512.48,3886.44,1982.02,2890.21,1020.76,2240.18,1367.11,1678.79,4803.17,2274.54,7948.07,3468.49,2180.06,1609.92,3286.69,1682.83,2982.31,1716.51,2365.86,1572.93,1491.58,5917.12,1528.96,2925.41,3041.85,1347.29,1330.53,5005.49,2495.92,2184.35,2013.37,1149.7,2253.07,3355.92,2157.95,5343.48
Endogenous,COL21A1,203.21,300.52,73.7,219.87,259.62,253.27,199.67,231.41,455.51,227.62,223.41,151.47,54.34,177.19,180.51,276.08,156.69,160.13,229.87,272.55,193.57,192.18,201.07,232.67,297.02,192.51,81.8,219.03,97.45,206.4,180.23,290.25,188.44,200.02,941.9,153.13,114.08,166.82,226.78,211.25,68.55,196.81,227.36,100.71,152.24,214.33,159.39,214.51,153.13,138.49,167.5,167.71,179.99,72.08,138.31,144.96,210.66,77.98,111.21,176.35,169.33,269.94,261.63,137.73,167.67,147.79,197.66,251.02,167.59,172.97,171.98,166.3,184.42,234.18,132.04,113.3,170.83,161.98,301.18,109.21,157.6,149.15,111.99,200.38,171.33,86.26,171.75,91.97,241.97,111.09,175.2,187.12,342
Endogenous,COL27A1,374.67,281.74,254.28,325.02,114.54,293.57,146.43,81.67,145.51,319.63,199.58,397.08,156.24,170.93,227.78,279.91,347.27,184.77,264.76,192.39,314.01,121.1,205.74,361.38,347.28,192.51,175.28,126.67,211.14,466.52,346.95,177.38,161.52,240.42,565.14,331.77,217.3,293.52,254.37,261.29,388.47,348.44,312.74,383.54,297.86,146.9,259.65,232.82,176.69,172.18,195.04,192.31,204.74,144.17,260.9,148.99,315.99,190.98,229.84,247.42,414.56,371.83,283.43,183.64,347.62,253.03,126.85,346.53,210.02,283.18,212.07,166.3,195.95,198.36,175.01,252.12,122.02,163.85,444.43,140.98,167.15,325.91,170.82,208.4,359.6,198.77,376.94,367.88,186.2,402.15,516.34,138.3,190.07
Endogenous,COL3A1,14764.59,3399.6,7068.29,8464.91,10606.17,8904.86,9823.96,7772.5,23135.94,8286.19,37732.58,12154.07,16034.56,8990.73,5569.97,17898.95,14339.65,6520.2,11296.26,3607.3,10478.56,5544.19,18194.37,16895.67,23665.61,13158.9,9724.3,10394.88,18187.05,21816.39,8930.62,8514.02,4549.58,18134.71,7384.53,14210.17,19084.78,18941.25,12752.05,9899.76,5787.12,13382.85,15443.51,15176.55,68073.84,18909.24,14160.08,9569.18,2854.55,7036.78,5936.01,28039.15,5127.48,21704.87,24716.66,12060.17,13911.91,25873.28,28450.63,7756.97,8026.42,4907.13,12748.86,5912.24,5805.23,25939.35,10573.2,44060.94,14994.04,16374.17,10181.3,16879.97,7511.27,16593.46,7338.79,16227.08,11516.31,8957.6,27212.86,5448.66,20694.4,12102.02,10660.67,17377.01,30981.8,8766.65,13292.75,13852.86,9050.71,26599.62,23649.89,13724.62,49223.02
Endogenous,COL4A5,222.26,300.52,81.08,167.29,251.98,126.64,103.16,285.85,316.32,130.76,220.43,180.12,135.86,93.81,184.81,195.55,182.1,164.24,103.64,160.32,94.63,107.94,187.04,168.31,223.91,192.51,52.58,153.06,116.94,121.58,184.74,241.88,139.09,105.06,452.11,222.03,124.95,103.47,171.62,118.14,91.41,258.11,194.6,139.27,148.93,156.53,131.11,99.41,164.91,123.52,151.44,129.7,98.99,104.12,69.16,124.83,102.48,116.18,103.8,160.56,182.95,103.68,99.93,137.73,149.27,183.62,141.61,217.69,131.53,148.89,140.3,136.18,96.05,128.11,170.03,194.34,117.58,111.32,235.07,190.62,172.99,159.27,102.94,216.41,136.81,129.39,226.89,188.63,121.71,94.85,172.88,126.1,146.57
Endogenous,COL6A1,4172.19,1258.42,4322.79,4177.49,4283.7,4553.16,2815.4,1742.35,3694.66,4140.67,6154.22,4204.19,3596.82,3456.21,3055.75,4490.08,4362.03,2570.31,3215.04,2501.06,4559.64,3014.29,3965.26,4257.33,5885.56,3445.14,3439.44,2704.94,3462.65,5516.3,4325.63,2144.63,3064.46,3897.27,2599.65,3149.31,4761.69,4225.35,5525.58,3324.47,4210.37,5062.12,4857.93,4287.49,6715.05,2747.76,4146.73,4075.67,2697.49,2747.34,2953.09,4154.78,3642.56,3686.89,4740.27,3205.31,4298.54,4696.56,4366.87,4303.58,2825.98,3103.38,3889.88,3223.93,4224.59,4668.81,2693.45,5091.39,4384.93,3755.08,2713.59,3314.19,5428.87,4099.46,3028.19,3672.22,2797.55,2294.59,4403.86,2718.37,2854.84,4634.58,2195.71,1338.54,3234.49,3319.14,4297.28,759.78,1888.7,4448.32,4300.72,2404.05,2061.36
Endogenous,CTNNA1,15901.31,19608.77,14475.62,14143.24,14935.69,15040.98,16639.49,14306.31,13962.54,13298.59,14054.02,13271.64,16628.94,17510.36,15648.34,16564.58,17033.1,17187.38,13547.71,18902.27,14457.49,15195.19,16113.54,14385.83,14832.71,15858.06,15779.35,13791.22,13116.5,11767.73,13981.69,14818.91,15456.89,13669.73,10285.59,14654.24,19424.31,15801.26,14667.47,11752.41,16127.39,15947.79,15705.62,16168.61,11426.17,14950.15,15154.99,14806.34,18650.8,19137.79,16302.8,18370.02,16568.14,14242.98,17810.58,16638.6,18452.42,13685.45,12133.82,14761.15,14509.45,16441.13,16115.5,15385.09,14998.72,15412.69,12918.54,14983.16,16031.4,17286.48,18497.29,15647.79,13712.4,16798.71,21207.31,17604.72,14993.84,20714.49,14258.38,16187.12,18416.9,18462.84,18126.75,15285.04,24755.06,14454.2,18591.13,10708.32,21038.97,19900.18,14659.9,16561.88,15871.81
Endogenous,CTNNB1,10154.23,8489.62,10211.8,12016.25,13240.54,11662.08,11674.27,12686.47,10350.12,11419.54,11408.84,10737.67,10967.08,9318.01,12622.68,13730.97,13996.62,10782.15,13086.95,12168.64,11962.59,9785.26,13340.67,12707.65,12031.58,14771.17,9998.91,10270.84,13369.87,8615.16,9155.91,10755.4,7847.35,10952.35,7535.23,9320.32,12378.21,10556,11520.06,10666.95,10757.3,13692.58,12582.17,10927.63,9140.94,12317.98,13843.87,12195.61,11398.58,10083.56,13459.85,14615.51,16329.65,10518.72,10473.85,12716.53,9681.68,9163.95,9315,11044.54,8845.8,10073.48,10083.54,12194.32,11035.87,11883.65,10068.73,12153.13,11705.87,13914.58,16223.36,11822.92,14284.87,14910.15,12117.75,13774.18,14909.53,15685.03,10152.02,13315.86,14742.22,13708.57,13342.8,10572.08,14862.7,10737.51,17055.81,6835.63,18422.92,12889.54,9140.32,12195.14,13438.33
Endogenous,CTNNBIP1,1314.53,807.64,866.03,2040.95,1275.18,1421.78,1184.73,884.79,1094.48,1772.5,1009.82,1138.04,1178.56,1513.4,1568.7,1671.8,2240.31,1453.5,1533.12,1042.11,1987.31,1287.33,1332.66,1371.26,1722.71,1135.01,956.27,1419.76,1403.25,1473.09,1311.21,1112.63,2638.22,1450.62,1657.75,885.58,1181.59,1228.96,1437.33,1300.88,1719.57,1809.98,1628.25,1840.56,913.43,1637.58,1547.63,1896.57,1986.8,2170.92,1560.3,1612.27,2229.63,1719.3,2074.65,1103.33,2075.26,1906.64,1499.12,1621.41,1117.16,2552.78,2174.77,1851.72,1856.69,1233.82,1433.75,1275.07,1552.86,1771.34,1432.77,1515.02,1052.73,1467.05,1947.58,1729.56,978.37,1148.86,1043.12,1306.57,1465.63,1368.09,1152.72,1114.12,1566.41,952.61,1848.54,1087.23,1383.43,2819.59,1456.51,978.3,1262.92
Endogenous,CTNNBL1,920.8,1164.51,943.42,1151.92,977.39,961.29,998.37,1497.33,904.69,987.95,685.13,863.76,818.54,842.16,881.05,1062.13,931.7,767.81,926.65,1042.11,929.13,831.89,1122.24,876.22,913.91,866.3,929,1097.81,916.01,1153.59,883.15,967.5,1054.39,913.2,1469.37,824.33,850.2,777.08,962.3,861.69,976.9,809.81,907.45,902.07,559.31,840.46,853.51,949.59,993.4,988.14,972.89,892.23,1237.44,998.48,826.72,1048.97,913.8,989.92,824.44,952.84,908.91,1083.32,1024.71,918.21,918.12,743.43,988.29,853.01,897.35,993.33,1262.72,881.25,1886.46,830.64,847.05,904.92,829.72,1005.02,885.18,909.43,955.68,947.35,921.95,1186.25,886.13,714.46,1161.1,685.38,1142.43,985.56,989.89,905.08,901.51
Endogenous,DES,223094.62,171877.23,253411.8,202201.89,176212.17,226552.95,104788.87,108079.99,193286.64,203788.98,198826.61,220214.3,329505,216484.27,248173.03,240926.5,300082.34,254944.77,186670.44,165230.56,281604.91,213796.25,359660.25,208238.06,170224.25,218102.41,244019,164249.05,187353.58,185798.39,233912.84,206190.86,303206.41,173059.62,203828,331606.34,285559.97,231423.17,262322.72,217138.8,350575.03,310996.31,266970.69,295646.06,188689.89,202130.48,205552.53,221166.38,280182.09,300332,277897.88,219559.16,194358.42,341970.44,288672.19,318622,291666.09,328172.16,321515.75,285889.41,234901.22,306852.34,292382.66,230819.77,284349.88,269013.31,252402.77,200527.78,252919.41,172954.61,89695.27,225016.48,236199.83,227332.94,123788.38,204469.77,145055.42,109574.41,216303.48,291715.72,111257.55,255611.84,161738.06,227624.47,68469.59,206382.98,65513.25,103601.8,76267.48,82412.5,120242.55,165307.58,107705.43
Endogenous,DPAGT1,457.23,770.08,633.86,458.85,435.24,506.55,386.04,884.79,506.12,576.3,360.44,392.99,438.14,460.69,373.91,433.29,347.27,353.11,449.47,593.2,481.77,421.21,448.9,341.58,493.51,368.98,609.59,424.87,386.54,545.69,455.09,499.88,381.37,406.09,1167.96,405.79,518.81,458.22,481.15,389.15,445.6,477.5,506.34,449.96,501.39,320.29,485.89,408.09,380.87,381.78,452.03,503.13,508.47,552.63,468.37,382.54,401.39,607.96,673.19,505.37,404.82,411.16,508.72,489.71,417.14,490.39,374.66,473.15,453.98,510.89,522.42,432.11,472.58,493.15,449.06,494.48,311.7,600.38,539.92,381.25,488.72,496.23,556.56,360.69,571.71,346.92,666.2,410.06,706.5,658.12,617.53,565.42,474.51
Endogenous,ESR1,171.46,37.56,70.02,86.04,122.17,149.66,156.41,54.45,75.92,92.01,128.09,151.47,71.33,110.48,107.45,168.71,118.58,78.01,170.35,32.06,159.16,121.1,112.22,103.96,132.52,160.43,21.42,153.06,120.19,141.37,211.78,48.38,62.81,169.71,753.52,119.95,105.94,143.59,171.62,189.02,34.28,106.47,160.84,47.14,81.08,96.33,120.83,115.1,82.46,93.57,149.15,98.39,146.24,40.05,47.15,92.62,65.47,58.89,86,163.19,93.42,58.99,96.29,127.53,104.29,132.12,85.55,126.62,159.1,116.05,118.97,103.45,49.95,96.43,62.28,81.79,53.24,143.84,334.24,101.27,144.33,116,90.5,200.38,75.94,88.14,148.7,111.3,137.23,58.47,41.05,120,149.92
Endogenous,ESR2,177.81,375.65,44.22,129.05,175.62,178.44,103.16,340.3,202.45,106.54,104.26,163.75,142.65,95.89,111.74,187.89,173.63,156.02,132.38,288.58,94.63,131.63,210.42,99.01,201.06,120.32,60.38,171.53,103.94,124.41,202.76,354.75,246.77,143.45,678.17,114.85,84.21,116.14,95,138.98,97.12,106.47,190.62,51.42,72.81,98.74,77.12,188.35,113.87,116.03,133.08,78.27,105.74,96.11,110.02,140.94,96.79,85.94,93.42,234.26,108.99,151.95,123.55,153.03,110.42,125.4,144.56,93.3,190.93,107.29,90.52,138.8,134.47,117.09,124.57,51.02,51.03,146.34,113.86,139,84.9,155.59,74.66,128.24,133.67,105.01,96.72,80.25,123.17,109.15,36.43,91.52,101.06
Endogenous,FBN1,3619.71,1483.81,1522,1371.78,2573.28,1646.28,2199.74,2123.49,3770.58,1428.65,4852.48,3811.2,3926.28,2841.26,1843.76,2538.37,2053.97,3962.21,2987.23,1346.73,2464.78,1542.69,3483.63,3272.21,3879.53,3449.15,2362.42,2586.18,2738.29,3562.55,3136.08,2789.63,1072.34,4155.87,678.17,1743.09,3849.01,2139.07,3692.92,2567.02,1182.56,3039.21,3421.3,1793.42,4975.89,2326.33,3833.09,2793.85,1075.86,1646.91,2037.56,3624.81,2733.61,2314.65,3646.36,2267.07,3381.9,2998.42,3128.72,1979.38,2899.94,1660.74,2794.32,1591.56,2435.37,2290.74,1545.86,2479.05,2825.7,2998.22,2450.44,2575.66,1402.36,2903.79,5277.22,2903.11,1603.99,3792.42,2449.85,1443.58,3066.56,2697.52,2585.98,1370.6,4022.09,2700.32,3152.01,4267.51,2904.57,3490.7,4396.7,3990.47,4375.04
Endogenous,FBN2,1301.82,1934.58,685.45,1290.53,2725.99,1439.05,1577.42,1987.36,1246.32,1225.25,1006.84,1854.43,489.09,2078.31,799.39,1836.67,1634.7,1716.27,1578.27,1955.96,1410.91,1150.43,2791.58,1475.22,2307.61,1736.61,1357.47,1765.47,1893.74,1543.77,1031.84,967.5,861.46,2026.42,1469.37,1135.69,1523.85,1442.24,1231.99,1264.75,856.93,1238.91,1513.08,2234.81,951.49,1627.95,2568.25,1791.93,1637.34,3050.52,1693.38,3716.49,2058.64,2125.1,1166.21,2830.82,1636.86,1885.95,2424.39,226.37,1259.24,1415.83,1696.94,2540.38,2116.38,1305.48,1262.65,1226.2,1813.8,1565.53,2507.99,1171.95,1390.83,1607.55,1793.12,2026.7,1759.28,1894.96,1847.49,1616.33,2685.57,3015.15,1531.68,240.46,1963.66,976.99,2707.72,1082.55,1958.04,3009.94,1819.04,1879.3,2299.62
Endogenous,FBN3,19.05,37.56,18.43,4.78,7.64,5.76,9.98,27.22,6.33,9.69,5.96,4.09,13.59,2.08,8.6,7.67,12.7,4.11,12.31,16.03,8.6,2.63,23.38,4.95,9.14,4.01,11.69,7.92,6.5,11.31,13.52,16.13,4.49,2.02,37.68,10.21,13.58,6.33,12.26,8.34,11.43,9.68,4.96,10.71,4.96,2.41,2.57,2.62,7.85,7.49,9.18,4.47,11.25,8.01,12.57,6.04,14.23,12.73,11.86,7.9,7.79,5.36,12.72,2.55,4.09,4.48,2.95,2.22,2.12,5.84,8.41,13.09,3.84,8.27,3.74,5.25,3.33,5,11.02,9.93,3.18,11.97,5.66,16.03,6.9,1.88,13.11,5.86,8.73,3.9,2.89,4.07,7.36
Endogenous,FGF2,469.93,187.82,1982.66,664.38,1252.28,679.23,688.87,803.11,544.08,658.63,667.25,986.57,1001.95,506.55,936.92,1016.11,914.76,661.05,764.51,737.49,774.28,666.04,1038.07,574.24,749.4,866.3,1394.47,580.57,568.45,582.45,635.33,661.13,690.96,785.92,715.85,599.75,586.72,637.71,640.51,605.97,696.97,1067.92,803.2,649.23,484.85,618.91,601.57,698.46,859.9,576.42,722.78,601.53,1133.94,1972.93,713.55,771.13,666.13,1161.81,1076.52,758.06,724.01,604.23,570.49,742.22,472.35,459.04,474.97,610.88,420.04,507.98,690.52,509.37,899.05,825.13,689.47,739.85,736.55,751.11,760.3,873.69,631.46,1181.2,541.86,464.88,687.82,633.82,1089.24,219.67,977.56,574.96,692.69,488.13,411.6
Endogenous,GJA1,7214.01,3136.65,2646,8933.32,4382.97,3183.18,7594.26,2422.95,5459.75,8886.71,3485.21,5813,4985.96,4556.86,5501.2,6081.35,7864.36,4467.24,5937.51,6204.56,4073.56,4585.94,6102.2,8064.18,8014.96,3453.16,3355.69,5098.48,6564.75,4571.94,6646.15,5369.64,8758.16,6364.12,6216.57,7567.02,4666.62,7544.82,6552.25,5803.93,12362.62,8017.45,7187.12,4388.19,2007.23,6321.54,8231.77,7047.4,7452.47,6445.39,7259.97,6578.77,7168.13,3828.39,3674.65,6924.03,3814.6,5115.13,4387.63,9017.78,5110.91,5186.01,4164.23,8036.88,8416.46,4872.59,4501.87,6766.3,8608.63,9612.85,6399.6,7742.71,4360.77,6642.34,7591.03,7650.57,4431.48,7836.26,4385.5,5466.53,7882.12,7564.11,7536.22,6428.21,8756.46,5976.33,9906.62,2183.25,10236.79,4673.11,5501.08,6724,6719.5
Endogenous,GJC1,1200.22,957.9,1868.42,1171.04,1007.93,1922.57,1168.09,1960.14,740.2,1288.21,1009.82,1068.45,1701.61,873.43,906.84,1138.82,1389.07,1133.23,1477.71,2324.71,1367.89,1097.78,1599.2,1212.84,1352.58,1122.98,1355.52,720.44,1276.57,1006.56,1121.96,1241.63,664.04,1212.21,1130.28,1191.84,1458.66,1427.46,968.43,1286.98,1011.18,2000.33,1134.81,1634.86,888.61,835.65,1159.44,1203.34,1441.02,1040.55,1204.64,1402.07,1365.68,2504.2,1241.65,1536.21,1269.64,1722.02,2230.14,1034.44,1093.8,1356.84,1269.98,1313.55,879.27,1289.8,814.23,1152.89,1289.81,1415.18,1642.25,1050.17,1125.73,1272.82,1317.28,1393.4,1024.95,1021.9,954.97,1034.53,1242.23,2003.35,1210.41,1514.88,1826.22,796.97,1458.94,869.32,1272.87,1696.3,1002.61,1175.58,1179.26
Endogenous,GPER1,279.42,93.91,58.96,114.71,91.63,172.69,229.62,40.84,107.55,145.29,145.96,339.77,125.67,170.93,141.83,176.38,156.69,156.02,184.71,112.23,271,92.14,126.25,188.11,265.03,132.35,42.85,76.53,107.19,186.61,297.39,129,134.6,155.57,339.09,148.02,192.86,196.38,285.01,175.12,165.67,119.37,180.7,190.7,102.6,120.41,174.82,138.65,247.37,220.84,172.09,109.57,222.74,114.8,144.6,100.67,167.96,113,154.21,192.15,153.76,176.98,187.14,160.69,237.2,109.72,91.45,157.72,144.26,216.04,166.16,150.59,57.63,128.11,145.12,120.06,59.9,138.84,176.3,152.9,179.89,148.23,161.77,144.27,121.75,114.39,193.89,224.94,198.81,186.46,69.39,164.74,88.34
Endogenous,GUCY1A2,2349.63,2028.49,1190.33,1892.78,1099.56,1462.08,1341.14,1388.43,1701.82,1985.59,1364.29,1719.34,1613.31,1477.96,1555.81,1717.81,2371.59,1691.64,2459.77,1779.6,2193.79,1421.59,1463.59,2128.67,1923.77,1628.32,1310.73,1586.02,1718.33,1320.41,1676.18,2096.26,1090.28,2020.36,2825.71,1457.26,2243.67,1729.42,1777.5,2029.15,1508.19,2406.85,1806.96,1654.14,1578.65,1548.48,2030.95,2063.99,2430.49,2358.07,1663.55,1504.93,2411.87,1380.25,1989.78,1147.63,2214.75,1378.25,1413.12,1831.98,1897.61,1961.07,1962.2,1969.05,1750.36,1795.87,1135.79,1650.48,1909.26,2785.84,2266.18,1450.86,1659.78,1932.64,2840.72,2100.23,1541.87,1819.29,1149.63,1260.9,2091.25,1590.89,1718.33,1683.2,2968.4,1322.03,2181.64,1572.27,2352.26,3499.15,1395.22,1690.15,1748.81
Endogenous,HACE1,546.13,300.52,309.56,458.85,809.4,535.33,569.07,353.91,461.83,464.92,494.48,499.43,580.79,416.91,618.89,632.67,614.07,435.23,514.12,625.27,524.79,523.88,593.85,509.89,616.89,577.53,408.99,585.85,474.25,486.32,491.14,725.63,556.36,430.34,866.55,270.52,505.23,413.88,520.99,440.58,371.34,613,577.83,426.39,412.04,435.89,483.31,486.57,561.49,441.67,481.86,489.72,690.71,472.54,462.08,420.8,444.09,426.53,419.63,426.41,363.95,522,494.18,476.96,388.51,510.55,427.77,524.24,468.83,560.52,584.49,488.42,472.58,555.14,510.1,623.54,432.61,590.38,477.48,514.29,465.37,473.22,429.87,344.65,443.06,326.29,634.11,176.91,593.52,499.6,297.78,439.32,429
Endogenous,HSPA1A,736.64,413.21,1194.02,650.04,1030.84,874.94,515.82,353.91,651.63,663.48,414.05,691.83,516.26,289.75,446.97,486.97,402.32,307.94,426.89,320.65,692.55,608.12,514.36,574.24,644.3,385.02,321.35,393.21,513.23,534.38,608.29,532.13,278.18,476.8,1280.99,1130.59,662.78,838.31,612.93,622.64,691.26,751.74,617.54,464.96,375.63,614.09,650.42,504.88,640.02,400.5,635.59,485.25,483.72,160.18,254.62,599.99,281.82,192.57,194.25,755.43,1208.63,332.51,321.58,655.5,554.14,859.87,675.58,786.37,710.67,541.55,916.17,565.68,879.84,578.55,710.65,389.43,651.13,696.07,1054.14,704.91,535.95,791.76,578.06,3446.55,852.24,656.33,1015.11,1545.91,726.38,348.23,996.25,839.99,1163.2
Endogenous,IL6R,457.23,262.95,644.92,372.82,374.16,310.84,319.48,340.3,234.08,358.37,277.03,409.37,383.8,339.78,365.31,322.09,389.62,390.06,339.67,144.29,494.68,352.76,257.18,599,420.4,377,403.15,374.73,243.62,409.98,410.03,387,605.71,325.28,979.58,421.1,296.08,339.97,496.48,347.46,239.94,464.59,478.55,327.83,337.57,264.9,357.34,347.92,314.12,333.12,348.77,234.8,393.73,309.69,289.19,209.39,347.3,297.61,250.59,397.46,412.61,423.68,363.37,331.58,435.55,306.78,280.26,251.02,381.85,237.93,363.36,327.36,307.37,279.63,450.3,287.38,412.64,282.06,304.85,327.63,278.05,258.7,216.06,184.35,458.12,285.03,569.48,303.44,337.01,343.68,413.42,262.37,259.01
Endogenous,LACE1,457.23,619.82,276.39,454.07,557.42,529.57,469.23,381.14,487.14,518.19,446.82,450.3,441.54,433.59,623.18,555.99,609.84,500.92,572.61,721.46,481.77,410.68,500.33,499.99,456.95,625.66,260.98,443.35,448.26,274.26,599.28,499.88,417.27,462.66,715.85,474.69,442.76,358.98,453.57,479.49,348.48,506.53,511.31,351.4,248.22,438.29,578.43,478.72,337.68,430.44,580.52,521.02,476.98,277.65,370.92,561.73,361.53,284.88,259.49,468.52,400.93,409.37,401.52,530.52,492.8,497.11,516.27,513.14,517.62,584.61,515.95,521.16,284.31,604.73,662.07,686.57,491.4,681.06,374.64,544.07,647.91,509.12,510.18,176.34,744.3,472.56,817.6,344.45,799.12,422.94,344.03,490.16,554.83
Endogenous,MCOLN1,533.43,375.65,398.01,578.35,549.78,420.2,362.74,381.14,316.32,474.6,336.61,478.96,404.18,483.62,395.4,364.27,338.8,349,410.47,208.42,421.55,326.44,364.73,445.53,493.51,393.04,292.14,372.09,380.05,590.93,423.55,483.75,493.54,418.21,828.88,546.15,429.18,420.21,435.18,458.64,582.71,425.88,480.53,533.53,493.12,370.86,431.9,347.92,388.72,348.1,424.49,398.04,510.72,440.5,380.35,233.55,401.39,451.99,437.43,458,523.55,470.16,496,395.34,541.88,378.43,474.97,404.29,470.95,432.07,475.22,411.16,338.1,411.87,514.46,433.7,340.54,481.56,543.6,389.19,479.7,371.02,389.14,545.04,570.46,316.91,587.1,668.39,483.45,599.65,795.62,368.13,460.46
Endogenous,MEF2D,2984.67,1596.5,3213.53,3082.93,2695.45,2423.36,1830.34,1619.84,2758.35,3012.28,2409.86,3131.65,3362.47,2315.95,2819.37,3125.03,2769.68,2516.93,2200.14,2132.32,2826.11,2885.3,2833.66,3054.39,2673.18,3276.69,2561.08,2852.72,2864.97,2745.43,2816.16,2741.26,3091.38,2499.18,1544.72,3641.87,3218.82,2542.39,3024.82,2393.29,2850.71,3319.9,3091.68,2843.33,1949.32,2328.74,2588.82,2438.08,2940.94,2664.99,2657.09,2777.31,2792.11,2693.75,1820.04,2468.41,2291.61,2516.19,2569.71,2745.34,4155.29,2949.64,2792.5,2512.32,2752.32,2897.58,2073.93,2847.8,2802.37,2617.97,2411.65,2587.45,2435.88,2830.78,3556.35,2909.11,3163.6,2138.24,3368.09,3204.86,2513.64,3214.01,1920.82,3029.76,4108.69,2608.43,3572.78,2717.5,2729.03,3264.61,4803.18,1810.15,2173.13
Endogenous,MMP10,82.55,150.26,58.96,33.46,53.45,40.29,49.92,81.67,75.92,43.59,29.79,32.75,54.34,27.1,30.08,19.17,16.94,28.74,50.28,96.19,30.11,42.12,4.68,29.7,77.68,44.12,29.21,29.03,22.74,28.27,45.06,32.25,17.95,48.49,75.35,30.63,73.34,38.01,42.91,37.53,57.13,35.49,40.71,27.85,21.51,21.67,30.85,23.54,62.82,18.71,41.3,53.67,40.5,24.03,18.86,26.17,25.62,20.69,38.55,26.32,29.19,41.12,39.97,33.16,22.49,42.55,20.65,35.54,36.06,16.79,29.09,23.57,19.21,17.91,19.31,19.51,15.53,40.03,55.09,41.7,25.47,28.54,32.81,16.03,28.87,13.13,14.01,35.73,16.97,20.14,13.88,30.51,21.42
Endogenous,MMP11,209.56,356.86,73.7,200.75,106.9,161.17,149.76,272.24,183.47,208.24,95.32,139.18,152.84,125.07,98.85,138.04,97.4,123.18,129.3,176.36,103.24,165.85,130.93,103.96,178.21,120.32,122.7,179.45,103.94,254.47,202.76,161.25,161.52,127.28,602.82,150.57,97.79,149.93,147.1,123.69,222.8,158.09,137.01,214.27,130.73,93.92,154.25,164.81,82.46,131,149.15,98.39,103.49,114.8,91.16,124.83,111.02,168.7,124.56,136.87,79.8,246.7,218.02,142.83,177.9,125.4,132.76,99.96,106.07,96.34,123.49,192.49,61.47,82.65,157.58,89.29,51.03,109.44,139.57,95.31,127.35,114.16,93.89,216.41,192.04,103.14,149.6,196.83,122.68,194.25,330.74,117.96,103.07
Endogenous,MMP16,349.27,469.56,121.61,267.67,320.71,322.35,183.03,122.51,240.41,290.57,202.56,249.71,176.61,195.95,98.85,387.27,203.28,209.4,302.72,352.71,271,252.73,229.12,287.12,374.7,316.84,91.54,226.95,149.42,178.13,261.34,467.63,139.09,256.59,1167.96,153.13,152.11,261.84,275.82,287.69,165.67,225.84,206.51,94.28,183.68,226.37,141.4,279.91,180.62,134.75,236.34,194.55,218.24,197.56,138.31,138.92,167.96,175.07,177.94,236.89,198.52,117.99,167.15,209.15,198.35,206.01,159.31,279.89,231.23,165.68,199.14,172.85,253.58,143.26,97.78,123.81,127.56,198.88,326.89,144.95,171.93,150.07,151.58,160.3,109.2,153.77,238.64,82.6,174.57,121.49,93.67,183.05,236.25
Endogenous,MMP2,4203.94,1746.76,1842.62,2576.28,3879,3148.65,2652.33,1824.02,3460.59,2285.85,4638.01,3066.15,3613.81,3658.41,2462.65,4003.11,3277.88,3013.75,3828.7,1458.95,3836.98,2471.98,3577.15,2688.06,3262.65,4363.57,1536.65,3145.64,2579.12,3093.2,3388.41,1870.5,1646.64,4460.95,2712.68,2164.19,3805.55,2371.35,6953.72,4148.64,1462.49,4916.94,5980.82,2200.53,3413.79,3087.32,4172.44,3377.2,1299.67,1654.39,3077,4702.64,2681.86,1409.61,2662.47,3386.51,3638.1,1760.22,1583.64,2842.73,3647.31,2690.43,2810.67,3088.75,2075.49,3905.23,4369.12,4085.11,4020.05,3356.58,4574.38,3066.7,7346.06,3366.63,4752.8,2936.12,3322.23,5346.54,3654.58,2678.66,4281.73,3965.27,3675.35,1250.38,4032.75,4541.78,5758.49,936.68,4545.48,2933.28,3380.21,5705.03,3826.9
Endogenous,MMP23B,88.91,281.74,58.96,38.24,99.27,74.83,29.95,190.57,56.94,101.7,44.68,53.22,40.76,39.61,25.79,46.01,25.41,69.8,34.89,192.39,30.11,13.16,51.44,59.4,13.71,56.15,21.42,65.97,48.72,45.24,36.05,193.5,35.89,38.39,301.41,22.97,24.45,40.12,39.84,31.97,34.28,45.17,42.69,36.43,33.1,21.67,23.14,34.01,15.71,48.66,27.53,31.31,31.5,34.71,44.01,52.35,25.62,22.28,31.14,26.32,48.66,35.75,29.07,22.96,32.72,38.07,32.45,31.1,25.46,18.25,22.63,32.74,11.53,55.1,30.52,27.01,16.64,27.52,47.75,49.64,26,33.14,30.54,104.2,26.99,39.38,21.69,32.8,28.12,21.44,23.13,22.37,38.15
Endogenous,MMP27,82.55,187.82,70.02,57.36,137.45,103.61,69.89,190.57,132.86,72.64,35.75,94.15,47.55,45.86,34.38,80.52,42.35,94.44,68.75,176.36,30.11,39.49,37.41,49.5,105.1,48.13,25.32,76.53,61.72,59.38,76.6,112.88,44.87,46.47,301.41,56.15,21.73,73.91,70.49,63.93,39.99,32.26,46.66,30,33.1,21.67,30.85,31.39,31.41,44.92,39.01,42.49,56.25,45.39,88.02,56.37,42.7,49.34,59.31,36.85,58.39,41.12,54.51,33.16,34.76,78.37,50.15,62.2,91.22,22.63,43.97,32.74,49.95,39.95,21.8,18.76,11.09,57.54,66.11,99.28,42.45,53.4,40.72,40.08,14.43,26.25,13.56,56.24,44.61,15.59,24.86,54.91,45.51
Endogenous,MYH6,4369.05,151442.05,48427.73,1099.34,2031.13,2037.7,1054.94,59280.65,5238.33,1259.15,8284.07,1305.88,21519.8,60479.51,2656.05,1227.01,1156.15,907.41,2131.39,18373.2,1234.54,3122.23,1861.05,2212.82,15970.52,1716.55,59461.77,14828.33,1344.78,87466.31,2518.78,2902.51,52979.68,3147.71,15597.93,5173.13,3680.6,2371.35,1875.57,2507.25,1691,1374.42,1916.17,6563.01,46839.86,1473.82,5768.92,5744.65,1048.37,2698.68,1156.45,3005.39,2171.14,155223.16,111836.35,1330.85,103270.35,163908.62,118584.59,2400.53,3565.57,33069.97,28232.09,3320.85,3868.79,1605.54,4369.12,5548.99,2272.02,2543.53,3812.09,5092.41,10112.37,2169.58,9309.42,1591.49,10642.22,1565.38,7760.94,1189.41,2160.23,1780.55,1892.54,2861.44,4799.64,4311.13,1632.5,14730.97,2180.12,73259.24,90830.8,1161.34,3118.14
Endogenous,MYH7,364529.91,337368.47,145648.03,350416.69,343666.03,449617.66,446237.91,112789.77,275163.97,351879.84,215892.2,320885.56,342224.66,224457.73,420248.97,367538.19,433742.62,310218.66,263460.97,200085.12,364693.53,321844.81,372916.72,334948.19,298989.12,297019.69,135016.45,250321.45,271532.44,260354.69,268585.47,319969.12,383111.12,300572.34,281893,421560.72,326497.44,307245.16,362714.91,290332.84,515173.75,453403.62,334419.78,335521.22,128932.91,342018.44,303575.38,303914.44,443708.38,385675.41,375558.66,329052.5,401619.91,97231.39,175339.58,345840.94,263349.81,124612.52,89741.01,369565.75,293986.09,383187.34,342447.88,390213.12,420988.5,394388.34,341788.22,300371.84,350280.97,212403.7,95391.42,274357.41,263663.06,291982.16,160489.16,254545.16,252672.28,138487.89,237433.92,360280.69,147571.86,287638.69,339460.34,339092.25,67227.01,282648.16,52168.08,140053.42,65412.44,84984.56,138120.77,319601.75,147714.56
Endogenous,NFKB2,723.94,225.39,932.37,626.15,832.31,667.72,475.89,326.69,480.81,644.1,551.08,892.42,587.58,439.84,704.84,755.38,707.24,472.18,708.07,224.45,447.36,658.14,579.83,717.81,868.21,685.82,605.7,538.35,857.54,978.29,743.47,516,381.37,650.55,715.85,492.56,730.69,747.51,597.61,622.64,668.4,677.53,535.14,587.09,668.53,558.7,552.73,541.5,510.44,419.21,585.11,503.13,697.46,477.88,443.22,410.73,515.26,410.61,407.77,550.12,632.54,404.01,421.51,494.81,650.25,665.05,342.21,553.12,689.45,699.93,537.93,494.97,587.84,588.2,462.14,716.58,908.48,461.54,797.03,778.38,403.29,599.35,364.25,360.69,805.8,564.44,893.08,421.19,555.21,558.72,912.41,380.34,550.14
Endogenous,NKX2-5,2394.09,2216.32,1544.12,2428.11,1893.69,1496.61,1347.8,884.79,1828.35,2518.3,1289.82,2005.89,1827.28,2019.94,1882.44,1928.7,1876.1,1855.88,1783.51,1186.4,2008.82,1890.19,1823.65,1980.16,2120.26,1973.23,1468.48,1852.55,1867.75,2284.56,2203.37,1789.88,2045.96,1961.77,1770.78,3539.78,2610.37,1936.36,2243.33,2113.93,3581.96,2145.51,2025.38,1906.98,1643.18,2201.1,2609.38,1705.61,2748.54,2290.7,2345.03,2786.25,2344.38,3080.86,2033.79,2097.95,2098.03,3259.42,2932.99,2632.16,3732.95,3005.06,2443.67,2219,3212.4,3094.63,1678.61,2563.46,2535.07,2237.72,2864.89,2495.79,3623.09,2139.27,2985.22,2120.49,1570.71,2130.74,3147.71,2345.07,2229.75,2659.77,1729.64,4865.24,3937.99,2516.55,3609.39,3063.7,2946.76,3048.92,4145.76,1690.15,1975.02
Endogenous,NPPA,8922.26,1352.33,3559.94,2581.06,5054.92,1577.2,14952.25,3838.61,890464.81,2595.79,459844.78,221917.27,375275.34,227059.28,220086.81,111853.11,2371.59,219350.55,19069.62,39006.98,5570.5,5225.65,583800.25,10415.62,16422.9,220921.88,5425.98,806733.62,81362.61,46689.22,144403.88,38071.21,2243.38,140851.11,1507.05,68621.24,122554.36,120778.42,47695.32,18019.15,8329.34,13589.33,125904.08,30254.55,16706.54,1172.8,27273.84,1185.03,4342.69,66931.75,139715.31,92053.57,1066.44,1262.78,20903.7,469990.19,27684.32,2909.29,1911.34,8925.65,71922.48,1778.72,12908.75,5147.07,84638.97,28534.63,171242.23,22369.23,223572,64772.67,31047.57,183651.33,797820.31,361600.03,167165.88,36414.51,49105.73,140734.33,266090.25,460467.31,26580.25,165370.08,18360.92,28221.62,94419.55,60820.89,5875.1,126750.05,61106.02,95480.05,37253.98,61301.12,201862.11
Endogenous,NPPB,2819.56,150.26,301028.78,329.8,1672.25,1813.21,5963.59,49956.37,123562.5,382.59,79989.98,19588.16,183967.83,29640.45,18669.71,12944.91,1588.12,72182.06,5029.34,23311.2,1772.24,1490.03,84041.98,1925.7,4432.45,29835.12,208857.27,49359.16,14467.78,664.44,34632.06,12819.41,152.55,19316.62,828.88,39608.8,204141.38,35399.22,5697.2,5181.29,908.34,3277.96,13183.82,32125.1,48178.57,479.23,4902.56,604.29,4405.51,24228.23,37091.45,60206.25,209.24,99594.09,56854.91,81842.03,27852.28,72589.04,87289.93,1102.87,21412.87,287.81,1902.25,2384.79,1271.87,16044.15,22509.36,6613.03,21025.17,10746.3,4829.77,23475.61,48164.37,37578.42,27512.82,11239.5,6165.25,92934.41,18926.69,54063.64,4564.03,44465.84,3083.72,12086.96,48233.02,14382.94,1166.52,90964.47,6881.26,30999.22,963.3,7315.86,33208.66
Endogenous,PLGLB1,603.28,300.52,379.58,530.55,656.68,552.6,628.97,190.57,291.02,542.4,363.41,642.7,285.3,287.67,605.99,628.84,554.78,533.77,544.9,529.07,705.45,576.53,509.69,693.05,886.49,433.15,177.23,519.88,428.77,520.25,711.93,580.5,300.61,765.71,3956,428.76,315.09,614.48,557.77,494.78,342.77,471.05,363.38,246.41,410.38,305.84,624.71,517.96,746.03,501.56,555.28,444.99,654.72,301.68,260.9,370.46,278.98,273.74,317.32,500.11,400.93,355.74,459.66,729.47,314.9,526.22,244.86,624.21,481.56,435.72,358.84,366.64,457.21,385.7,485.81,389.43,125.35,437.15,595.02,395.15,438.31,449.28,304.3,96.18,323.2,230.65,666.65,301.1,454.84,286.51,239.38,475.93,334.64
Endogenous,PPARGC1A,4877.08,5108.8,1908.95,4626.78,3917.18,5002.15,5434.46,2273.22,4763.84,4344.08,4223.95,5153.92,4147.05,4721.54,5170.27,5057.57,5081.98,4734.13,4329.48,6268.69,4490.81,4435.88,4573.14,4074.17,4446.16,6573.43,3049.92,4860.97,4190.27,2615.37,4172.43,4724.64,5087.99,4044.75,3541.56,5515.12,5706.96,4730.03,3521.3,3929.05,3461.99,4807.24,4870.84,4210.35,1520.73,4826.05,5452.71,5629.55,5508.86,4805.97,5075.55,5811.77,5221.98,2645.7,3448.32,4862.32,4073.65,2724.68,2354.7,3985.09,5317.21,3637.89,3446.57,4879.26,3349.41,4117.96,4826.38,4409.43,4177.03,5781.87,7276.33,4277.93,5843.81,5627.12,5692.03,5474.56,5209.07,6109.53,4536.09,5673.04,7063.34,5064.53,4865.4,4264.1,11578.64,4268,5936.11,4061.31,7372.95,3877.26,3642.71,4753.18,4589.2
Endogenous,PRKCZ,298.47,244.17,298.5,334.58,343.61,379.91,292.86,353.91,246.73,300.26,220.43,278.37,237.75,341.87,425.48,375.77,271.04,180.66,273.99,368.75,395.74,331.7,275.88,183.16,301.59,292.78,311.61,340.43,295.59,588.1,202.76,370.88,318.56,313.16,339.09,306.25,328.67,251.28,370.82,244.61,365.62,309.73,210.48,372.83,213.47,293.8,442.18,355.77,427.99,247.04,380.9,483.01,380.23,274.98,270.33,229.53,330.22,256.23,161.63,294.8,336.7,420.1,348.84,244.86,261.74,378.43,277.31,293.22,246.08,365.65,349.14,247.48,391.89,387.08,216.12,381.18,328.34,274.55,216.7,238.28,319.98,314.86,171.95,240.46,269.23,206.27,390.95,188.04,360.77,395,450.42,246.1,207.47
Endogenous,PTGFRN,2241.68,1540.15,549.1,2652.75,2107.49,2647.86,3847.05,735.05,1739.78,2610.32,2377.09,3274.93,1779.73,808.81,2372.39,2553.71,2333.48,2278.79,2415.64,2388.84,3514.36,3206.47,2571.81,2361.33,2165.96,3003.97,597.91,1303.65,2247.8,1294.96,2937.82,2031.75,870.43,2109.25,1733.1,2664.41,1958.46,1835,2341.4,2461.39,1262.54,3361.84,2505.91,1735.57,1879.82,1644.81,3509.17,1891.34,1291.81,1074.23,3563.44,3045.64,2452.37,1270.79,1059.33,2629.48,1067.52,1473.74,1252.97,2555.83,2209.02,843.78,897.53,2542.93,1529.52,2561.69,1870.37,2216.93,2662.35,2609.21,2656.05,1862.02,3354.14,4457.62,1963.78,2041.7,1646.14,2891.22,2424.14,2968.57,3302.17,3516.91,4151.6,3534.72,2523.45,3324.77,4742.02,2833.49,4226.9,1703.45,1668.71,3134.21,2837.72
Endogenous,RARA,742.99,150.26,1293.52,635.7,580.32,518.06,442.61,258.63,645.3,629.58,759.6,871.95,648.72,648.3,532.93,820.56,580.19,619.99,562.35,176.36,516.19,866.12,635.94,574.24,712.85,733.95,960.16,575.29,776.34,1077.25,752.48,370.88,354.45,545.5,715.85,530.84,858.35,812.97,600.67,553.15,559.86,616.23,651.3,670.66,638.74,517.76,606.71,444.71,431.91,475.36,697.54,749.11,512.97,552.63,433.79,434.89,458.32,499.74,545.67,658.04,710.39,446.92,481.47,533.07,656.39,846.43,371.71,650.86,774.31,648.84,510.13,425.57,810.68,811.35,521.31,553.76,820.85,579.12,782.34,710.87,458.47,714.43,346.15,336.64,999.09,530.69,1100.54,413.57,581.88,728.29,1044.24,514.57,543.45
Endogenous,RARB,1085.91,826.42,379.58,1123.24,1153.01,1393,1381.08,639.77,816.12,1128.39,920.45,1174.88,1124.22,802.56,1323.73,1284.52,1215.44,1055.22,1634.71,1699.44,1066.78,947.73,1645.96,1331.65,1384.57,1062.82,481.05,1005.44,1273.32,941.53,1153.5,1386.75,1283.21,1410.21,2298.25,1332.2,714.39,1239.52,1192.15,1331.46,1262.54,1235.69,1390.96,951.35,605.65,1249.86,1560.49,1331.52,1358.56,943.23,1507.52,1212,1547.92,937.07,921.02,1544.27,1064.67,940.59,731.02,1094.98,747.37,1208.46,1153.7,1168.17,1118.51,877.78,1345.25,1092.92,1168.89,1364.82,2068.98,1717.98,1048.89,1352.71,1673.54,1790.34,702.16,2160.76,1707.92,1463.43,1965.49,1694.93,1457.02,1915.64,1474.79,1196.39,2437,639.1,1884.33,1431.23,894.49,1533.54,1495.16
Endogenous,RARG,444.53,131.48,110.56,291.56,213.8,207.22,226.3,136.12,347.96,266.36,265.11,319.31,163.03,275.16,343.83,299.08,406.56,234.04,288.36,48.1,245.19,147.42,346.02,445.53,420.4,340.9,138.28,179.45,240.37,155.51,238.81,193.5,152.55,278.81,376.76,370.06,247.18,356.86,364.69,240.44,422.75,293.6,385.22,212.12,165.48,288.98,285.36,196.2,200.25,262.01,332.71,212.43,182.24,157.51,157.17,241.61,219.2,171.88,145.32,286.91,297.78,146.59,192.59,265.26,413.05,230.64,182.91,335.43,318.21,327.7,307.11,339.14,184.42,258.97,403.59,316.65,155.3,302.69,370.97,258.14,335.36,302.9,223.98,464.88,426.12,241.9,429.37,177.5,213.36,257.27,194.86,225.76,361.41
Endogenous,RCAN1,1898.76,732.51,3898.98,1070.66,1000.29,1231.83,1324.5,1851.24,2056.11,1036.38,896.62,1428.69,2048.05,2226.32,1108.84,1077.46,1304.37,788.34,1123.67,3992.08,1213.04,966.15,1547.76,1212.84,991.59,2221.89,3708.21,950.03,1312.3,1054.63,919.2,1612.5,390.35,893,640.49,803.92,1730.29,1024.14,609.87,910.34,839.79,832.4,1362.17,3942.52,469.95,1025.9,1210.86,899.89,840.27,1265.12,1298.72,3267.02,809.96,2453.48,1163.06,1844.26,1690.95,1476.93,3250.31,747.53,1298.16,738.3,955.67,834.04,1267.79,1914.55,867.33,939.64,1204.95,2748.61,1670.05,877.32,1302.47,2892.77,790.37,1926.9,1891.28,1773.63,991.7,1667.96,1308.03,1649.82,1662.9,833.58,3062.53,1046.37,1247.42,708.81,908.71,1745.03,1348.96,1474.56,1054.77
Endogenous,RTTN,787.45,319.3,574.9,630.92,1130.1,874.94,805.35,653.38,771.83,755.49,619.59,781.89,624.94,687.91,876.75,931.76,995.22,903.3,853.79,817.66,718.36,584.43,846.36,1064.33,1169.8,854.27,508.32,741.55,864.04,675.75,711.93,693.38,794.16,808.14,1544.72,663.55,706.24,823.53,1029.73,801.93,502.73,858.21,778.38,662.09,529.53,741.73,781.53,991.45,824.56,636.3,770.97,782.65,960.7,702.14,697.84,682.54,768.61,644.56,668.75,689.63,1015.95,725.79,721.29,828.94,668.65,741.19,672.63,855.23,905.84,1134.92,1108.84,772.57,584,947.73,933.62,1085.76,805.32,1171.37,1105.56,796.25,1032.09,746.65,852.94,512.97,1115.82,573.82,1168.33,851.74,1296.63,732.83,823.95,793.21,975.8
Endogenous,RhoA,2864.01,3193,3935.84,2480.68,2336.57,2998.99,2545.84,3539.14,2340.8,2450.5,2615.39,2750.94,3097.55,2807.91,2432.56,3067.52,3044.95,2775.6,3154.5,4473.06,2903.54,2356.15,3132.93,2747.47,2942.78,2955.84,3328.43,1934.36,2738.29,2321.31,2392.61,2160.76,2274.79,2394.12,8062.7,3720.98,3767.52,2512.83,2871.59,3305.02,2862.14,3339.26,3165.15,3049.02,2722.09,2995.81,2992.44,2678.74,3113.7,2930.74,2604.32,2761.65,2771.86,3513.36,3442.04,2621.43,2758.47,3658.9,3991.72,2626.9,2495.12,2869.2,2757.98,2629.65,3016.1,2982.67,3124.17,2867.79,2630.53,2690.22,2822.21,2715.77,3707.61,3008.48,1329.12,2479.16,2209.64,2802.42,3158.73,2988.42,2489.23,3167.06,3156.12,8969.04,1703.22,2422.78,3501.37,1941.32,2944.82,3368.56,1287.09,3366.07,2744.69
Endogenous,SLC8A1,64284.73,69175.38,43729.05,86604.02,164834.77,117858.43,100149.77,45546.05,89557.67,84276.04,64199.3,90367.52,85236.9,53946.48,106164.62,91879.75,71787.18,92588.49,109772.16,95777.92,73311.22,71482.16,104934.41,92438.59,73706.58,135346.94,50504.82,88107.05,94027.61,57034.76,80402.61,113149.4,53051.47,82691.13,79044.58,102551.59,109258.02,89986.76,86196.66,99791.23,81431.02,100364.9,77604.76,83934.95,40238.99,104819.63,111134.01,81432.23,155284.58,114212.92,102929.05,108793.44,178127.77,37907.43,49625.06,107089.87,61329.68,42249.97,30123.24,71231.51,114393.99,101549.98,79578.2,122409.95,73273.89,88335.77,96554.23,96554.2,75566.31,104355.33,146193.19,97029.37,180942.97,102066.47,107567.44,100481.69,155289.44,101783.18,81300.66,108786.53,110462.66,121447.41,113761.67,168792.69,100230.84,106054.95,97399.84,88047.2,121922.06,56620.43,83078.77,88852.05,85518.37
Endogenous,SRF,2597.3,2310.23,4304.36,3159.4,2023.5,3902.71,2888.62,2831.31,2549.57,3264.11,2606.46,3377.27,3396.43,2532.75,2595.88,3328.25,3451.51,3822.61,2765.57,4072.25,3514.36,2664.16,4507.68,2955.38,3783.57,2614.93,2962.28,2456.87,2900.7,2363.73,3343.35,2386.51,1749.84,2246.64,2373.6,2955.35,3813.7,2992.17,3346.61,2558.68,2302.28,3900.64,3085.72,3269.72,2002.27,2918.75,3486.03,2908.95,3168.67,2537.73,3485.43,3633.75,3410.82,3438.61,2709.62,4751.59,2143.58,2786.74,3064.96,3261.25,3115.98,2597.47,2298.32,2989.28,1985.52,3405.88,2398.44,2947.76,3364.54,3177.76,3777.17,2561.26,3108.25,4278.54,2830.13,3253.52,3541.86,3516.62,2927.34,4340.66,3250.7,4848.17,3661.78,3959.52,3575.88,2880.34,4088.48,2155.72,3367.17,3236.68,2573.03,3115.9,2972.24
Endogenous,TAB1,1251.02,694.95,626.49,1022.86,1099.56,1133.97,905.19,517.26,765.5,963.74,1066.41,1162.6,900.05,906.79,967.01,1204,1147.68,1071.65,992.32,416.84,1170.02,839.79,1150.3,1282.15,1348.01,1070.84,697.24,981.69,1013.46,1017.87,1130.97,999.75,1022.98,1113.22,1280.99,1166.32,980.59,1184.62,1247.32,1049.32,1131.15,1196.97,1096.09,1013.48,802.56,919.94,946.06,1072.54,1236.84,1066.75,1037.14,997.33,1230.69,856.98,858.15,863.74,1084.6,840.32,787.37,1208.16,1412.99,1038.63,1059.23,1040.64,1085.8,1030.05,843.73,1166.22,1062.82,1122.51,1291.82,978.15,1402.36,972.52,1256.87,1131.53,692.18,878.06,1392.05,986.87,1002.91,1115.84,764.71,953.81,1376.26,956.36,1307.99,1137.61,937.32,1013.49,1293.45,768.81,965.76
Endogenous,TGFA,260.36,169.04,73.7,215.09,76.36,155.42,232.95,217.79,25.31,116.23,59.58,188.31,30.57,104.23,30.08,180.22,42.35,127.28,189.84,80.16,103.24,150.06,60.79,44.55,246.75,68.18,72.06,145.14,87.7,124.41,225.29,209.63,53.84,157.59,828.88,84.22,122.23,209.05,125.65,159.83,62.84,100.02,75.46,53.57,57.92,86.7,151.68,88.94,86.38,160.95,158.32,178.89,96.74,56.06,97.45,18.12,54.09,54.11,123.07,97.39,70.07,75.08,83.58,127.53,114.51,138.83,64.9,82.19,169.71,85.39,137.07,68.09,130.63,45.46,62.91,57.03,29.95,151.97,202.01,95.31,117.27,49.72,115.38,32.06,556.03,46.88,85.42,230.22,161.96,94.2,23.71,124.07,73.62
Endogenous,TGFB1,1104.96,413.21,1864.73,731.3,1007.93,604.4,609.01,694.22,974.28,731.28,1310.68,1350.91,1239.7,1238.23,739.22,973.94,800.41,886.88,1015.92,513.04,739.87,721.32,1028.72,1054.43,1512.52,906.4,1353.57,955.3,1234.34,1385.44,1171.52,709.5,583.28,1010.18,1921.48,1480.23,1040.35,1410.56,1057.31,1004.85,925.48,964.67,1041.48,889.21,2579.78,845.28,1092.6,656.61,730.33,782.28,949.94,974.96,746.96,1425.63,1018.47,773.14,970.73,1467.38,1589.57,829.13,1479.17,852.72,1057.41,714.16,1312.77,893.46,651.97,1066.26,1158.28,1061.93,1022.2,911.37,1156.47,1017.98,1271.82,1067,991.68,1203.27,1759.34,853.84,1029.97,1100.18,796.38,2653.04,2354.64,894.48,1204.49,2482.01,939.26,1660.57,2481.09,884.74,1533.97
Endogenous,TGFB1I1,1244.67,319.3,2970.3,1032.42,733.04,1341.2,618.99,884.79,929.99,891.09,1319.61,1162.6,1331.4,979.75,773.61,1184.83,842.76,973.1,851.73,416.84,864.61,710.79,1112.89,1079.18,1133.24,1022.71,1637.92,773.22,1159.63,698.37,1022.83,757.88,623.66,763.69,1017.26,911.1,1325.56,1110.71,1094.08,829.73,862.64,1055.01,1060.35,1427.02,1560.45,650.22,876.65,745.55,981.62,842.17,826.04,820.67,879.7,1164,908.45,829.51,754.38,1045.63,1290.04,831.76,1136.62,695.4,892.08,696.31,946.75,803.89,519.22,1041.82,818.86,969.97,766.17,682.22,610.89,1011.09,797.22,574.77,774.26,703.57,1656.5,1008.72,672.85,1266.82,583.71,561.07,1297.18,860.73,887.66,528.97,487.33,1075.86,589.77,644.74,851.32
Endogenous,TGFB3,819.2,601.04,471.71,650.04,901.03,1030.36,938.47,435.59,556.73,648.95,1548.98,1158.51,964.59,466.94,657.57,1196.33,758.06,706.22,1098.02,801.62,873.21,671.31,1173.68,1376.21,1114.97,1090.89,467.42,765.3,838.05,1088.56,973.27,628.88,1040.93,931.38,979.58,962.15,893.67,1188.84,904.08,1022.92,531.3,1125.99,1232.11,833.5,779.4,686.34,915.21,690.61,479.03,490.33,738.85,943.66,584.97,435.17,634.97,982.53,609.2,501.33,539.74,694.89,751.26,922.43,939.31,578.98,732.04,904.65,572.32,1128.46,837.95,1188.92,1256.9,881.25,657,1000.07,701.93,801.37,611.2,1399.02,1733.63,798.24,1598.82,1523.69,1335.98,1041.98,1594.65,721.96,2132.37,894.51,1284.99,1027.14,1415.45,1128.8,1319.14
Endogenous,TGFBR1,889.05,582.25,983.96,721.74,1145.38,1007.34,735.47,558.1,816.12,900.78,840.02,990.67,852.5,729.6,674.76,935.59,813.12,800.65,763.48,977.98,688.25,663.41,846.36,900.97,959.6,1042.77,825.78,804.88,860.79,766.23,1013.82,999.75,515.98,895.02,1695.43,780.95,763.28,912.22,959.24,775.53,611.28,780.77,1051.41,739.22,830.69,611.68,922.92,795.25,706.77,696.19,823.74,720.04,789.71,654.08,660.12,670.46,623.43,600,811.1,892.3,940.05,557.75,677.69,655.5,732.04,763.58,525.12,826.35,818.86,813.78,675,683.53,461.05,792.07,842.06,622.04,635.6,1054.42,1035.77,663.21,815.59,684.97,753.4,961.83,790.74,710.71,647.67,834.76,745.3,502.2,640.66,1045.41,948.36
Endogenous,TGFBR2,6001.09,7362.68,6920.88,5272.05,9224.09,4530.14,4419.45,6261.56,4947.31,5104.41,6157.2,5862.12,8161.63,6681.03,6124.39,6238.56,4853.29,5637.43,6005.24,6653.47,5088.73,5567.88,4498.32,5529.58,5670.79,6328.78,6290.71,5523.35,4781.45,8425.72,5470.12,4934.26,6914.1,5054.93,6442.62,5760.12,6182.32,4875.73,5979.15,5489.83,6655.48,6107.46,5857.71,6449.45,4898.11,4568.37,5727.79,5477.82,5175.11,4723.63,5059.49,6254.53,7024.14,5844.03,6431.42,4024.75,6664.16,6733.7,5599.08,5432.78,5901.09,7976.55,7142.05,5317.96,6782.65,5083.07,5360.35,5262.43,5738.38,5231.56,7096.59,6103.29,8014.59,5664.31,6983.15,5501.57,4679.96,7100.79,6839.03,4445.9,6410.12,4749.66,4460.42,6828.97,8646.64,5106.22,6912.81,6533.95,7901.01,11065.9,9431.16,6697.56,6432.38
Endogenous,TGFBR3,1612.99,882.77,1013.44,1065.88,2428.2,995.82,1231.32,1442.88,765.5,1012.16,1370.25,1183.07,1613.31,1846.93,1336.62,1081.3,707.24,1469.92,1088.78,1138.3,1410.91,1150.43,673.35,985.13,1311.46,1203.19,617.39,1591.29,773.09,2431.58,1158.01,645,1902.39,1103.11,2750.36,1452.15,1279.38,844.65,1532.33,1184.14,1142.57,900.15,1115.94,1135.62,961.42,633.36,1082.32,999.3,1370.34,1066.75,917.82,970.49,1295.93,573.99,1087.62,426.84,1850.37,768.7,673.19,834.39,1070.45,1371.14,1726.01,1032.98,1891.45,918.09,1100.39,1144.01,933.42,700.66,993.11,790.9,995.1,695.64,1472.37,723.34,599,1196.39,1777.71,822.06,1036.34,655.51,628.96,929.77,937.59,1025.75,1215.33,1210.84,1226.32,1514.39,2507.11,1529.48,1008.59
Endogenous,TGFBR3L,120.66,131.48,44.22,90.81,83.99,161.17,76.54,81.67,44.29,62.96,77.45,85.97,50.95,58.37,38.68,122.7,71.99,90.33,89.28,160.32,73.13,89.51,79.49,49.5,132.52,52.14,19.48,60.7,61.72,67.86,130.67,32.25,35.89,64.65,753.52,63.8,62.48,90.8,82.75,98.68,45.7,54.85,41.7,38.57,39.71,16.86,61.7,39.24,51.04,37.43,80.31,51.43,65.25,40.05,34.58,24.16,31.31,33.42,54.86,76.33,58.39,44.69,65.41,99.47,55.21,78.37,29.5,46.65,63.64,42.33,91.81,47.14,57.63,53.72,45.47,29.26,25.51,82.55,58.77,63.54,66.33,49.72,78.05,48.09,28.24,26.25,61.47,114.23,79.52,37.03,16.19,52.88,56.89
Endogenous,TGM2,4794.52,3136.65,17114.25,4411.7,5222.91,4150.23,3906.95,8371.43,6067.1,4658.86,6794.66,5448.66,12661.9,11740.28,5423.84,7024.61,4722,6963.64,3906.69,4809.74,4469.3,3969.92,11947.21,5871.16,4619.8,4716.51,18564.4,6563.1,4625.53,10427.53,9043.27,2918.63,8421.65,3953.84,2901.06,6931.54,9569.55,5688.71,7606.49,4500.27,6386.97,7110.85,5794.17,12196.1,9112.81,3135.49,5283.04,3819.3,6890.98,8676.2,6075.98,6299.25,3683.06,16552.29,12674.24,9925.98,10475.92,15055.74,17861.9,4495.73,8145.14,9488.91,12870.59,4203.35,10626.9,6151.19,5493.11,4524.94,7624.3,6386.18,5455.63,6606.12,4487.55,8026.74,10133.42,5764.19,3818.07,7462.27,10063.87,7763.94,7096.24,11768.75,3428.74,5658.75,11304.39,5845.06,9296.02,6794.04,4034.88,18905.53,15207.47,3418.95,6605.72
Endogenous,TIMP1,2813.21,2084.84,34114.26,1864.1,3581.21,2164.34,1863.62,18417.16,3979.36,1796.71,5481.01,3369.08,7017.03,8521.71,2617.37,3255.4,1643.17,2886.46,3152.44,9218.67,4000.44,2798.42,3525.71,3381.11,3536.82,4387.64,22985.42,2327.57,4187.02,6316.46,3000.9,3483.01,1920.33,2759.81,1356.34,2238.2,7399.22,4476.64,5222.18,2722.68,2142.32,2897.25,3267.41,8973.52,13881.85,1844.69,3221.24,2563.64,1515.62,2410.47,2214.24,2781.78,1829.16,13855.87,14346.54,2865.05,6575.92,11288.62,14107.43,2068.88,2853.23,2556.36,5094.46,2073.62,2962.94,2713.96,2348.29,3840.75,2535.07,3279.21,2643.12,3536.79,3861.29,4147.68,4045.89,2951.88,2870.76,6079.51,6023.63,2507.89,3441.2,3194.68,2839.38,3238.15,4660.95,2837.21,3504.99,5090.55,2855.59,12771.95,5295.24,4543.69,4002.92
Endogenous,TIMP2,4165.84,1033.03,1275.09,3484.43,3306.32,2676.64,2086.59,1157.03,2884.88,3327.07,4480.13,4208.28,2540.53,2236.74,3094.43,3999.27,3260.94,3379.17,3767.13,737.49,3277.78,2458.82,3829.65,3455.37,4802.58,3741.92,1265.93,2375.07,2692.81,2151.67,3721.84,1967.25,1884.44,3281.06,3089.44,2932.38,2428.38,3249.79,4924.91,3524.61,2667.9,4355.56,3859.14,1581.29,2530.14,3012.67,4439.81,3895.17,2485.46,2111.03,3412,2924.89,3892.3,1577.81,1754.02,3368.39,2106.57,1693.37,1444.25,3492.88,3392.35,1603.53,1767.8,3047.94,3345.32,2510.19,3009.11,3049.95,3389.99,3674.79,3233.42,3026.11,3865.14,3441.02,4561.59,2727.52,2684.4,4152.65,4719.74,2503.92,3988.82,3999.33,2414.03,2949.6,5299.19,3711.06,5596.23,1588.67,3085.92,2919.64,2646.46,3044.72,2774.81
Endogenous,TIMP3,17514.3,25543.99,29290.28,20108.34,18119.84,16497.3,14735.93,18294.65,12931.33,19357.05,17443.91,18806.27,23554.27,30338.78,22073.58,19643.6,14907.14,24085.33,16546.23,18293.04,21348.56,17682.97,23352.01,19529.28,24099.72,22395.39,25910.7,21438.94,12122.54,12935.46,16707.74,10852.15,43333.14,12578.73,15673.28,16695.93,24574.43,10467.31,25258.94,16746.07,19092.36,23107.03,28739.52,25154.99,9326.27,13346.29,18157.71,21155.27,22793.24,24535.15,13117.96,16706.32,20410.94,21472.6,28517.04,15041.99,34180.53,24386.8,22249.53,14984.88,20974.96,34730.71,38386.49,17695.92,27836.06,11579.11,18641.76,14636.63,12917.19,13141.67,18835.44,15100.44,28811.79,18586.72,22367.63,11384.32,10187.42,21438.08,18397.79,13718.95,16401.53,20345.58,12487.6,11966.74,20475.67,12293.94,23128.41,20738.29,16507.55,33025.55,14908.53,14344.95,18969.2
Endogenous,TIMP4,730.29,2779.79,3117.71,740.86,320.71,1076.41,662.25,2763.25,790.81,605.36,2040.48,691.83,1579.34,2599.45,679.05,1230.84,834.29,1839.45,1264.26,3943.99,1402.3,1295.22,1098.86,707.91,836.22,737.96,3073.29,1147.95,350.81,879.33,1662.66,854.63,2943.32,690.96,2034.51,1276.06,1825.36,534.24,1066.5,1249.46,302.78,690.44,973.97,2020.54,860.48,431.07,1156.87,1232.12,1841.52,1680.59,844.4,1603.32,740.21,3492,4482.51,865.76,3162.7,3690.73,4174.1,1234.48,1640.71,2570.66,2623.54,1055.94,576.64,987.5,1416.05,1037.38,755.22,607.23,1483.84,805.3,1352.41,906.4,2198.58,424.7,653.35,1219.53,1480.2,681.08,1070.83,1229.08,702.49,873.66,2519.69,446.3,1527.19,2118.82,933.92,3697.3,950,978.3,853.32
Endogenous,TNN,95.26,56.35,25.8,76.48,152.72,92.1,86.53,13.61,50.61,72.64,32.77,73.69,23.78,39.61,17.19,65.18,46.58,57.48,110.83,48.1,60.22,42.12,79.49,49.5,118.81,44.12,15.58,47.5,64.97,50.89,58.58,80.63,53.84,84.85,715.85,61.25,51.61,67.57,58.23,101.46,34.28,22.58,52.62,53.57,39.71,33.71,46.27,83.71,43.19,56.14,66.54,42.49,36,32.04,15.72,24.16,48.39,17.51,37.07,65.8,54.5,44.69,70.86,68.87,55.21,38.07,26.55,51.09,67.88,53.28,49.14,43.21,34.58,31.68,30.52,24.76,24.4,66.29,124.88,33.76,47.23,56.16,48.64,32.06,20.08,26.25,80,50.38,36.37,39.63,15.61,50.85,35.47
Endogenous,WAS,406.42,281.74,737.05,291.56,465.79,270.54,379.38,612.54,328.98,227.62,366.39,462.58,295.49,477.37,352.42,287.58,215.98,229.93,358.14,320.65,262.39,221.14,313.29,267.32,301.59,248.66,399.26,353.62,282.6,622.03,405.53,274.13,260.23,290.93,715.85,188.86,274.35,282.96,358.57,311.32,285.64,303.28,234.31,364.25,531.18,301.03,249.37,143.88,227.74,232.06,293.7,245.98,314.98,403.13,355.21,189.26,261.9,364.46,510.09,281.64,241.34,252.06,281.61,237.2,347.62,365,236.01,346.53,324.57,264.21,263.15,246.17,249.74,258.97,256.61,450.96,298.39,306.45,334.24,210.48,248.87,200.7,243.21,304.58,348.3,236.28,278.86,753.33,194.45,550.27,460.83,262.37,275.07
Endogenous,XIST,9576.35,131.48,4776.07,81.26,9712.78,9566.82,9794,5757.91,44.29,58.11,7676.39,8772.71,50.95,6518.44,9102.77,9336.75,33.88,53.38,8444.49,16.03,94.63,68.45,37.41,39.6,109.67,9280.61,4403.49,81.81,19.49,50.89,7975.38,7852.89,53.84,72.73,6028.19,74.01,6587.05,8083.29,8728.15,7211.83,7409.57,41.94,41.7,6888.69,23.17,21.67,48.85,54.94,9627.74,8021.18,48.19,8157.49,10848.94,5665.16,25.15,22.15,48.39,5511.42,4903.65,65.8,15.57,44.69,34.52,45.91,7794.83,58.22,23.6,8312.38,70.01,9842.75,41.38,40.59,61.47,8828.45,28.03,9233.06,7774.79,43.15,69.79,39.71,46.7,43.27,45.25,24.05,9477.54,6259.48,28.93,57.41,32.97,27.94,11.56,38.64,28.78
Housekeeping,GAPDH,175860.62,148155.14,134529.66,187676.3,140125.2,190340.64,178471.86,123121.34,171738.64,184097.77,177221.3,174778.78,125043.1,164630.69,165354.14,168287.72,217606.08,166072.14,204740.56,129061.32,192124.17,192872.58,188214.2,173723.95,165864.92,194624.14,167264.59,173498.61,200531.8,188125.36,189782.42,139465.47,218379.66,163854.88,101725.62,178117.12,174373.34,153069.34,162463.8,189403.34,188267.11,135360.98,152133.72,178949.64,116078.66,211900.58,178561.5,186075.88,158339.39,167576.42,205185.8,182503.81,186402.83,156614.08,182742.31,216942.09,172075.5,163356.39,146258.22,206648.22,159002.5,200901.12,172622.92,216579.89,163990.05,180075.2,212794.58,171618.84,193004.77,197349.83,132651.09,229642.72,198731.81,194639.14,163972.02,190756.36,157470.23,178545.38,139924.55,173471.5,179516.88,196490.09,196861.48,90339.63,112946.62,180737.45,125946.41,140013.02,123737.54,149439.41,158972.12,138938.34,152278.34
Housekeeping,GUSB,571.53,394.43,423.8,664.38,565.05,615.91,555.76,476.42,544.08,644.1,717.89,614.05,502.67,592.02,627.48,648.01,669.13,624.1,690.62,625.27,632.33,592.33,621.91,693.05,671.72,637.69,477.16,562.1,610.67,540.04,527.19,709.5,529.44,670.76,1130.28,479.8,499.8,654.6,683.42,629.59,434.18,635.59,699.95,426.39,709.9,635.77,624.71,617.37,675.36,628.82,569.05,626.12,670.47,491.23,597.25,523.48,668.98,510.88,556.05,534.33,653.95,618.53,643.17,533.07,619.58,568.77,533.97,613.1,568.53,670.73,651.73,623.29,584,734.21,685.73,683.57,736.55,819.9,712.55,565.91,702.57,575.41,520.36,496.94,810.19,553.19,766.98,481.52,855.85,874.46,528.48,685.42,732.85
Housekeeping,PGK1,19070.14,23722.1,12334.5,13909.03,15661.1,17211.07,17651.17,13938.78,16714.56,14712.71,13365.92,14896.83,14597.87,13593.46,14707.12,17086.06,14360.82,16895.86,11315.76,22108.76,15476.96,15445.29,14392.77,14410.58,15636.94,14394.17,12671,15915.58,14688.67,16565.87,15198.27,18189.04,15726.1,14427.36,11867.99,16119.15,15423.19,15649.23,14983.13,12162.41,18246.86,16299.46,13067.66,15212.98,14323.67,14880.31,15422.35,14832.5,13534.59,16251.97,14971.96,17088.7,15065.22,12713.23,14069.92,14367.51,14256.36,12477.49,11554.04,16066.7,13958.65,14111.81,12708.89,15283.07,14401.63,15947.87,16107.62,15267.5,14741.59,12831.48,13367.52,13368.05,15764.07,12827.36,11393.4,12138.42,10899.57,9683.06,13420.95,14284.86,13241.57,12520.92,15475.16,21512.87,12254.53,13953.51,12183.62,14660.08,14105.34,11666.85,15713.98,15699.51,11920.42
Housekeeping,POLR2A,1606.64,1634.06,1282.46,1768.5,1557.71,1174.27,1474.26,1402.05,1834.68,1854.83,1668.13,1555.59,1935.97,1244.49,1504.24,1637.29,1283.2,1272.84,1392.53,977.98,1509.84,1521.63,1337.34,1613.83,1562.78,1407.73,1061.43,1649.35,1575.41,1402.4,1613.1,1322.25,1368.46,1468.8,1394.02,1692.05,1502.12,1604.83,1792.83,1410.68,1633.88,1826.11,1691.79,1347.74,1318.85,1146.31,1452.51,1595.74,1150.46,1040.55,1452.45,1343.93,1120.44,905.04,977.6,1371.11,1121.61,1050.4,997.93,1708.27,1959.89,1018.97,1150.07,1244.68,1549.97,1509.25,1109.24,1228.42,1652.57,1480.86,1608.63,1446.93,1075.78,1281.08,1775.68,1394.15,1565.16,1662.31,1847.49,1824.82,1851.93,1600.1,1677.61,1579,2374.09,1565.81,2443.32,2388.87,1958.04,1291.55,2137.64,1675.92,1913.45
Housekeeping,RPLP0,16523.65,22463.68,56421.01,16590.46,26343.63,21476.42,19714.47,44389.02,17758.43,15724.88,17938.39,20460.11,28645.52,30862,22168.13,16679.61,18964.25,22828.91,22837.77,29163.05,17924.54,18951.87,22585.14,18172.87,18689.39,20233.66,47404.26,19876.67,17956.42,21559.1,20744.99,21381.8,20450.66,21848.12,26750.07,21830.78,25201.9,20220.89,17060.97,24871.02,20880.48,19871.01,21614.96,32525.78,32688.29,22143.47,20363.47,18714.58,30559.82,28555.1,20040.62,19389.7,24121,57484.52,33895.42,22745.2,27644.47,46521.6,54264.84,16790.55,17888.17,28477.47,31357.08,23169.46,22435.71,20641.31,25064.16,25785.7,19035.3,20230.7,27371.9,18379.28,25853.38,21668.2,22368.88,23059.77,25717.03,21595.05,20583.19,19884.43,16452.47,22464.01,19133.54,33367.39,19113.22,23293.98,17695.34,21551.37,17397.35,25841.45,18030.86,20308.28,19990.51
